<?xml version="1.0" encoding="UTF-8"?>
<project-private xmlns="http://www.netbeans.org/ns/project-private/1">
    <editor-bookmarks xmlns="http://www.netbeans.org/ns/editor-bookmarks/2" lastBookmarkId="0"/>
    <open-files xmlns="http://www.netbeans.org/ns/projectui-open-files/2">
        <group>
            <file>file:/C:/Users/ranja/OneDrive/Desktop/Project/bankofcologne%20new/project2/src/project2/CreateAccount.java</file>
            <file>file:/C:/Users/ranja/OneDrive/Desktop/Project/bankofcologne%20new/project2/src/project2/NewDashboard.java</file>
            <file>file:/C:/Users/ranja/OneDrive/Desktop/Project/bankofcologne%20new/project2/src/project2/ResetPassword.java</file>
            <file>file:/C:/Users/ranja/OneDrive/Desktop/Project/bankofcologne%20new/project2/src/project2/ChangePassword.java</file>
            <file>file:/C:/Users/ranja/OneDrive/Desktop/Project/bankofcologne%20new/project2/src/project2/usernameAndPass.java</file>
            <file>file:/C:/Users/ranja/OneDrive/Desktop/Project/bankofcologne%20new/project2/src/project2/OtpVerification.java</file>
            <file>file:/C:/Users/ranja/OneDrive/Desktop/Project/bankofcologne%20new/project2/src/project2/MailVerification.java</file>
        </group>
    </open-files>
</project-private>
